Performer,Link
Alex E.,https://www.youtube.com/playlist?list=PLpIlxVfiTuYgFlPWRKE1e26SdeHq3hHc_
Alex S.,https://www.youtube.com/playlist?list=PLpIlxVfiTuYgoWx6Ceku1QDmIAtiWVMrV
Ann,https://www.youtube.com/playlist?list=PLpIlxVfiTuYjhOdlfs1MPdKzEvUCCkyyf
Carla,https://www.youtube.com/playlist?list=PLpIlxVfiTuYi6HVInK1ZLI693K0_3OnB8
Chris M.,https://www.youtube.com/playlist?list=PLpIlxVfiTuYjoAb8qt3OwuXt00JsaYvJy
Daniel,https://www.youtube.com/playlist?list=PLpIlxVfiTuYiHhCVJMwdTXtjpzEGwRZEN
Denise S.,https://www.youtube.com/playlist?list=PLpIlxVfiTuYjpj5p-TdAAagGJQtM3ZpvG
Jocelyn,https://www.youtube.com/playlist?list=PLpIlxVfiTuYjSL83qyf1IKJcbCroSZ-3S
Karen,https://www.youtube.com/playlist?list=PLpIlxVfiTuYhYNYYgL6I-vjpvdiqqdMwL
Mary Ellen,https://www.youtube.com/playlist?list=PLpIlxVfiTuYif70Z5yOVDdRQRjsBH8Lag
Na Hokus,https://www.youtube.com/playlist?list=PLpIlxVfiTuYgapQMrWEVQO92P1lSiKwKY
Nilo,https://www.youtube.com/playlist?list=PLpIlxVfiTuYj3UcGJ8-G3hBJN7KoBs4rM
Rich,https://www.youtube.com/playlist?list=PLpIlxVfiTuYiJi_V-ycMebfMFFSTJSWrY
Rob,https://www.youtube.com/playlist?list=PLpIlxVfiTuYhSFjAH46frt6uBsXaDOkGF
Rob,https://www.youtube.com/playlist?list=PLpIlxVfiTuYiWiyPOK5Z1QQ3uVzy9kB5S
Vivian,https://www.youtube.com/playlist?list=PLpIlxVfiTuYiQkd_5ZYNCOYGrbSnF3PhX
Zendee,https://www.youtube.com/playlist?list=PLpIlxVfiTuYhlDl6gnYHRt5bavUPW9VZg